Category,"Hist. Ref. Per., 1950-2014",Historical 10-90th Percentile Range (low),Historical 10-90th Percentile Range (high),SSP1-1.9,SSP1-1.9 10-90th Percentile Range (low),SSP1-1.9 10-90th Percentile Range (high),SSP1-2.6,SSP1-2.6 10-90th Percentile Range (low),SSP1-2.6 10-90th Percentile Range (high),SSP2-4.5,SSP2-4.5 10-90th Percentile Range (low),SSP2-4.5 10-90th Percentile Range (high),SSP3-7.0,SSP3-7.0 10-90th Percentile Range (low),SSP3-7.0 10-90th Percentile Range (high),SSP5-8.5,SSP5-8.5 10-90th Percentile Range (low),SSP5-8.5 10-90th Percentile Range (high)
1950,27.64,27.28,27.84,,,,,,,,,,,,,,,
1951,27.59,27.31,28.01,,,,,,,,,,,,,,,
1952,27.63,27.28,28.03,,,,,,,,,,,,,,,
1953,27.67,27.32,27.87,,,,,,,,,,,,,,,
1954,27.6,27.22,27.97,,,,,,,,,,,,,,,
1955,27.67,27.12,27.95,,,,,,,,,,,,,,,
1956,27.57,27.2,27.93,,,,,,,,,,,,,,,
1957,27.58,27.33,28.05,,,,,,,,,,,,,,,
1958,27.75,27.3,28,,,,,,,,,,,,,,,
1959,27.56,27.25,27.97,,,,,,,,,,,,,,,
1960,27.67,27.37,27.99,,,,,,,,,,,,,,,
1961,27.65,27.35,27.91,,,,,,,,,,,,,,,
1962,27.64,27.14,27.84,,,,,,,,,,,,,,,
1963,27.46,27.17,27.82,,,,,,,,,,,,,,,
1964,27.43,27.1,27.81,,,,,,,,,,,,,,,
1965,27.45,27.17,27.96,,,,,,,,,,,,,,,
1966,27.51,27.16,27.83,,,,,,,,,,,,,,,
1967,27.44,27.14,27.78,,,,,,,,,,,,,,,
1968,27.45,27.15,27.79,,,,,,,,,,,,,,,
1969,27.56,27.28,27.95,,,,,,,,,,,,,,,
1970,27.52,27.3,27.73,,,,,,,,,,,,,,,
1971,27.6,27.27,27.8,,,,,,,,,,,,,,,
1972,27.55,27.13,27.81,,,,,,,,,,,,,,,
1973,27.67,27.15,28.21,,,,,,,,,,,,,,,
1974,27.59,27.15,27.88,,,,,,,,,,,,,,,
1975,27.58,27.16,27.95,,,,,,,,,,,,,,,
1976,27.62,27.39,27.79,,,,,,,,,,,,,,,
1977,27.73,27.43,27.87,,,,,,,,,,,,,,,
1978,27.62,27.35,27.8,,,,,,,,,,,,,,,
1979,27.74,27.44,27.96,,,,,,,,,,,,,,,
1980,27.6,27.34,28.01,,,,,,,,,,,,,,,
1981,27.68,27.45,27.87,,,,,,,,,,,,,,,
1982,27.69,27.43,27.92,,,,,,,,,,,,,,,
1983,27.5,27.19,27.92,,,,,,,,,,,,,,,
1984,27.69,27.32,27.97,,,,,,,,,,,,,,,
1985,27.65,27.37,27.99,,,,,,,,,,,,,,,
1986,27.76,27.49,28.05,,,,,,,,,,,,,,,
1987,27.75,27.35,28.04,,,,,,,,,,,,,,,
1988,27.74,27.42,28.15,,,,,,,,,,,,,,,
1989,27.8,27.46,27.92,,,,,,,,,,,,,,,
1990,27.92,27.67,28.17,,,,,,,,,,,,,,,
1991,27.77,27.55,28.22,,,,,,,,,,,,,,,
1992,27.39,27.17,27.69,,,,,,,,,,,,,,,
1993,27.67,27.29,27.87,,,,,,,,,,,,,,,
1994,27.78,27.49,28.07,,,,,,,,,,,,,,,
1995,27.8,27.45,28.03,,,,,,,,,,,,,,,
1996,27.75,27.5,28.03,,,,,,,,,,,,,,,
1997,27.87,27.52,28.18,,,,,,,,,,,,,,,
1998,27.95,27.59,28.21,,,,,,,,,,,,,,,
1999,27.87,27.53,28.32,,,,,,,,,,,,,,,
2000,27.97,27.58,28.28,,,,,,,,,,,,,,,
2001,28.12,27.74,28.42,,,,,,,,,,,,,,,
2002,28.03,27.56,28.43,,,,,,,,,,,,,,,
2003,28.02,27.6,28.27,,,,,,,,,,,,,,,
2004,28.15,27.93,28.3,,,,,,,,,,,,,,,
2005,28.11,27.62,28.32,,,,,,,,,,,,,,,
2006,28.01,27.61,28.43,,,,,,,,,,,,,,,
2007,28.08,27.67,28.38,,,,,,,,,,,,,,,
2008,28.06,27.74,28.34,,,,,,,,,,,,,,,
2009,28.17,27.88,28.38,,,,,,,,,,,,,,,
2010,28.21,27.89,28.51,,,,,,,,,,,,,,,
2011,28.19,27.88,28.45,,,,,,,,,,,,,,,
2012,28.26,27.78,28.59,,,,,,,,,,,,,,,
2013,28.24,28,28.5,,,,,,,,,,,,,,,
2014,28.23,27.75,28.52,28.23,27.75,28.52,28.23,27.75,28.52,28.23,27.75,28.52,28.23,27.75,28.52,28.23,27.75,28.52
2015,,,,28.26,27.79,28.66,28.19,27.79,28.65,28.33,27.78,28.78,28.31,27.84,28.58,28.25,27.74,28.68
2016,,,,28.28,27.8,28.66,28.2,27.78,28.6,28.31,27.73,28.61,28.27,27.78,28.72,28.38,27.89,28.79
2017,,,,28.26,27.84,28.69,28.32,27.66,28.71,28.3,27.95,28.68,28.21,27.94,28.7,28.24,27.76,28.75
2018,,,,28.32,28,28.81,28.31,28.05,28.78,28.3,27.89,28.83,28.34,28.07,28.93,28.39,28.04,28.79
2019,,,,28.38,27.93,28.85,28.44,28.01,28.87,28.32,27.86,28.72,28.46,27.79,28.99,28.37,28.1,28.96
2020,,,,28.41,27.97,28.74,28.53,28.2,28.77,28.33,27.96,28.82,28.41,27.82,28.7,28.45,27.95,28.8
2021,,,,28.45,27.93,28.81,28.56,28.06,28.84,28.49,27.99,28.88,28.37,27.79,28.72,28.49,27.94,28.97
2022,,,,28.44,27.99,28.85,28.49,27.78,28.9,28.54,28.2,28.87,28.41,27.98,28.8,28.44,28.01,29.03
2023,,,,28.49,28.06,28.92,28.52,27.96,28.88,28.52,28.12,28.98,28.54,28.1,29.13,28.5,28.11,28.88
2024,,,,28.5,28.13,28.92,28.66,28.2,29.13,28.56,28.22,28.94,28.43,27.96,28.9,28.53,28.25,28.97
2025,,,,28.51,28.04,28.95,28.67,28.05,29.09,28.55,28.2,29.06,28.36,27.94,28.99,28.68,28.04,28.97
2026,,,,28.53,28.09,28.92,28.57,28.12,28.94,28.59,28.12,29.09,28.49,28.08,29.01,28.71,28.13,28.95
2027,,,,28.55,28.16,28.99,28.55,28.14,29.04,28.56,28.17,29.08,28.62,28.09,29.15,28.72,28.38,29.07
2028,,,,28.59,28.19,29.04,28.67,28.23,29.16,28.59,28.26,29.05,28.66,28.16,29.22,28.74,28.26,29.15
2029,,,,28.63,28.2,29.06,28.74,28.23,29.04,28.84,28.33,29.15,28.56,28.21,29.37,28.72,28.23,29.14
2030,,,,28.61,28.11,29,28.71,28.24,29.09,28.68,28.19,29.07,28.62,27.94,29.19,28.78,28.25,29.11
2031,,,,28.62,28.1,29.04,28.67,28.16,29.12,28.69,28.08,29.18,28.59,27.92,29.09,28.93,28.45,29.3
2032,,,,28.66,28.23,29.1,28.7,28.16,29.12,28.81,28.21,29.32,28.66,28.35,29.23,28.9,28.46,29.36
2033,,,,28.64,28.24,29.11,28.66,28.13,29.16,28.79,28.38,29.16,28.75,28.36,29.45,28.84,28.37,29.34
2034,,,,28.67,28.14,29.17,28.75,28.25,29.38,28.76,28.37,29.34,28.81,28.09,29.4,28.85,28.09,29.29
2035,,,,28.66,28.16,29.16,28.74,28.27,29.4,28.82,28.19,29.42,28.69,28.17,29.33,28.93,28.27,29.32
2036,,,,28.69,28.18,29.14,28.7,28.17,29.43,28.84,28.2,29.26,28.81,28.33,29.29,29.03,28.35,29.44
2037,,,,28.7,28.29,29.2,28.8,28.4,29.45,28.88,28.44,29.2,28.89,28.38,29.53,28.88,28.36,29.62
2038,,,,28.75,28.39,29.16,28.83,28.37,29.22,28.95,28.57,29.48,28.9,28.54,29.37,29.11,28.64,29.61
2039,,,,28.75,28.31,29.23,28.89,28.41,29.38,28.89,28.32,29.47,28.89,28.46,29.51,29.21,28.56,29.76
2040,,,,28.75,28.24,29.23,28.77,28.25,29.39,28.88,28.37,29.45,28.97,28.21,29.55,29.27,28.64,29.78
2041,,,,28.75,28.19,29.22,28.77,28.27,29.27,28.98,28.48,29.45,28.97,28.07,29.62,29.22,28.38,29.92
2042,,,,28.74,28.26,29.23,28.83,28.37,29.34,28.9,28.41,29.46,28.99,28.26,29.66,29.29,28.58,29.94
2043,,,,28.74,28.25,29.3,29.01,28.23,29.62,28.8,28.45,29.56,28.99,28.22,29.71,29.18,28.71,29.92
2044,,,,28.73,28.3,29.29,28.79,28.39,29.61,28.87,28.54,29.62,28.97,28.28,29.56,29.41,28.69,30.09
2045,,,,28.75,28.3,29.25,28.71,28.22,29.42,29.01,28.47,29.4,29.07,28.39,29.68,29.47,28.92,30.28
2046,,,,28.82,28.37,29.34,28.92,28.44,29.59,29.2,28.6,29.66,29.01,28.48,29.98,29.56,28.86,30.14
2047,,,,28.84,28.33,29.39,28.96,28.49,29.69,29.13,28.59,29.76,29.28,28.34,30.09,29.49,28.79,30.23
2048,,,,28.82,28.26,29.3,28.97,28.26,29.5,29.25,28.59,29.91,29.18,28.18,29.81,29.45,28.84,30.17
2049,,,,28.88,28.4,29.29,28.98,28.56,29.59,29.27,28.63,29.69,29.41,28.52,29.86,29.7,29.06,30.3
2050,,,,28.78,28.39,29.27,28.93,28.57,29.67,29.13,28.69,29.69,29.17,28.53,29.93,29.59,28.97,30.15
2051,,,,28.81,28.35,29.36,29.01,28.56,29.68,29.23,28.6,29.98,29.32,28.59,30.03,29.53,28.78,30.47
2052,,,,28.81,28.33,29.38,28.95,28.42,29.71,29.26,28.77,29.84,29.24,28.49,30.1,29.75,28.82,30.82
2053,,,,28.8,28.32,29.33,28.93,28.35,29.65,29.31,28.67,29.78,29.35,28.51,30.32,29.64,28.98,30.47
2054,,,,28.78,28.39,29.32,29.03,28.4,29.76,29.29,28.75,30.02,29.21,28.74,29.94,29.63,29.17,30.58
2055,,,,28.77,28.39,29.29,28.97,28.54,29.69,29.33,28.64,29.84,29.28,28.88,30.07,29.65,29.02,30.71
2056,,,,28.79,28.37,29.27,29.03,28.45,29.62,29.26,28.65,30.07,29.37,28.9,30.07,29.84,29.06,30.55
2057,,,,28.83,28.37,29.29,29.01,28.41,29.66,29.43,28.75,29.8,29.62,28.8,30.43,29.9,29.2,30.79
2058,,,,28.84,28.35,29.29,29.17,28.55,29.71,29.4,28.74,30.03,29.61,28.58,30.33,29.94,29.21,30.76
2059,,,,28.77,28.37,29.29,29.02,28.41,29.77,29.37,28.83,30.18,29.41,28.96,30.15,29.95,29.14,30.88
2060,,,,28.83,28.39,29.29,29.09,28.61,29.7,29.47,28.82,30.15,29.73,29,30.43,30.02,29.07,30.93
2061,,,,28.78,28.37,29.3,29.04,28.56,29.73,29.3,28.78,30.13,29.75,28.91,30.67,29.99,29.24,30.96
2062,,,,28.76,28.31,29.28,28.85,28.34,29.7,29.49,28.47,30.41,29.81,29.1,30.49,30.03,29.32,30.96
2063,,,,28.79,28.38,29.26,29.1,28.5,29.8,29.63,28.89,30.19,29.56,29.04,30.59,30.13,29.43,30.96
2064,,,,28.81,28.34,29.29,29.26,28.57,29.93,29.47,28.81,30.2,29.79,28.85,30.64,30.21,29.32,31.21
2065,,,,28.75,28.35,29.22,28.99,28.47,29.71,29.35,28.93,30.15,29.89,28.96,30.65,30.27,29.4,31.15
2066,,,,28.78,28.34,29.23,29.11,28.41,29.78,29.56,28.95,30.28,29.79,28.99,30.57,30.41,29.44,31.35
2067,,,,28.73,28.3,29.18,29.12,28.48,29.72,29.33,28.7,30.12,29.76,28.95,30.58,30.43,29.44,31.4
2068,,,,28.77,28.33,29.19,29.12,28.74,29.58,29.68,28.85,30.25,29.93,28.84,30.89,30.42,29.31,31.47
2069,,,,28.73,28.33,29.21,29.14,28.46,29.87,29.52,28.99,30.16,29.95,29.02,30.92,30.28,29.56,31.54
2070,,,,28.71,28.29,29.19,29.11,28.28,29.88,29.47,28.85,30.33,29.83,29.05,30.89,30.48,29.81,31.34
2071,,,,28.73,28.3,29.18,29.14,28.51,29.71,29.69,28.99,30.33,29.85,29.01,30.99,30.62,29.33,31.84
2072,,,,28.71,28.27,29.18,29.07,28.47,29.82,29.71,28.91,30.3,29.98,28.83,31.08,30.5,29.57,31.78
2073,,,,28.69,28.31,29.14,28.99,28.56,29.75,29.74,29.17,30.51,29.93,28.92,31.05,30.71,29.58,31.49
2074,,,,28.71,28.31,29.17,29.16,28.62,29.94,29.68,28.8,30.62,30.02,29.08,30.82,30.68,29.93,31.98
2075,,,,28.67,28.29,29.09,29.11,28.47,29.76,29.56,28.86,30.12,30.17,29.25,31.21,30.56,29.91,31.81
2076,,,,28.65,28.28,29.12,29.02,28.48,29.86,29.6,28.9,30.38,30.08,29.28,31.08,30.77,29.75,32.05
2077,,,,28.69,28.24,29.1,29.19,28.38,29.77,29.69,29.04,30.48,30.15,29.03,31.39,30.85,29.6,31.73
2078,,,,28.66,28.26,29.1,29.11,28.54,29.79,29.73,29.16,30.37,30.18,28.81,31.41,30.74,29.69,32.07
2079,,,,28.65,28.28,29.13,29.12,28.48,29.91,29.57,29.07,30.56,30.26,29.2,31.48,30.88,30.03,32.24
2080,,,,28.65,28.29,29.09,28.96,28.46,29.7,29.93,29.08,30.74,30.3,29.55,31.32,31.01,30.03,32.24
2081,,,,28.61,28.3,29.05,28.98,28.55,29.73,29.69,29.09,30.41,30.15,29.53,31.32,30.91,30.02,32.39
2082,,,,28.63,28.25,29.12,29.09,28.5,30.21,29.68,29,30.38,30.37,29.21,31.57,31.06,30.04,32.4
2083,,,,28.64,28.29,29.08,29.06,28.51,29.81,29.76,29.17,30.71,30.39,29.56,31.53,31.23,30.12,32.53
2084,,,,28.65,28.25,29.05,29.08,28.38,29.9,29.93,29,30.56,30.42,29.58,31.45,31.26,30.1,32.3
2085,,,,28.6,28.27,29.04,28.97,28.35,29.65,29.75,29.25,30.6,30.3,29.79,31.56,31.16,30.11,32.8
2086,,,,28.66,28.26,29.02,29.26,28.53,29.67,29.73,29.03,30.71,30.45,29.46,31.47,31.62,30.16,32.63
2087,,,,28.63,28.27,29.09,29.1,28.56,30.04,29.8,29.13,30.78,30.47,29.65,31.67,31.46,30.04,32.65
2088,,,,28.64,28.28,29.07,29.07,28.5,29.89,29.86,29.17,30.69,30.69,29.69,31.99,31.48,30.44,32.67
2089,,,,28.6,28.26,29.08,29.01,28.45,29.97,29.69,29.03,30.6,30.64,29.9,31.93,31.3,30.2,32.9
2090,,,,28.62,28.24,29.04,29.06,28.38,29.65,29.76,29.15,30.78,30.58,29.56,31.86,31.6,30.24,32.96
2091,,,,28.65,28.22,29.08,29.26,28.2,29.78,29.76,29.06,30.85,30.63,29.59,32.01,31.65,30.44,33.29
2092,,,,28.63,28.29,29.08,28.99,28.53,30.02,29.85,29.12,30.56,30.69,29.77,31.95,31.73,30.52,33.05
2093,,,,28.62,28.26,29.11,29.02,28.43,29.95,29.73,29.12,30.82,30.72,29.73,32.06,31.59,30.4,33.24
2094,,,,28.69,28.21,29.07,29.17,28.21,29.7,30.04,29.06,30.58,30.88,29.43,32.16,31.76,30.42,33.46
2095,,,,28.66,28.25,29.12,29.03,28.29,29.93,29.99,29.15,30.75,31.01,29.67,32.15,31.53,30.56,33.36
2096,,,,28.6,28.28,29.17,28.68,28.43,30.01,29.82,29.21,30.89,30.86,29.73,32.25,31.75,30.49,33.56
2097,,,,28.64,28.26,29.11,28.92,28.3,29.77,29.81,29.11,30.47,30.81,29.75,32.18,31.8,30.39,33.66
2098,,,,28.69,28.29,29.15,29.07,28.34,29.69,29.9,29.12,30.82,30.94,29.92,32.27,31.71,30.57,33.77
2099,,,,28.72,28.25,29.21,29.04,28.21,29.92,29.89,29.02,30.81,31.22,29.6,32.49,31.9,30.59,33.77
2100,,,,28.75,28.31,29.19,29.01,28.34,29.9,30.03,29.25,30.78,31.15,29.87,32.07,32.14,30.58,33.68
